Asset,Threat,Vulnerability,Likelihood,Impact,Risk Score,Risk Level,Risk Owner,Treatment Strategy,Treatment Plan,Residual Risk,
Identity Management System,Privileged Account Misuse,Excessive Privileges,4,5,20,Critical,CISO,Mitigate,Implement PAM solution and enforce MFA for all privileged accounts,8,
Customer Data Platform,Data Breach,Weak Access Controls,5,5,25,Critical,DPO,Mitigate,Encrypt customer data and implement Zero Trust access controls,10,
Cloud Infrastructure,Misconfiguration,Improper Security Settings,4,4,16,High,Cloud Security Manager,Mitigate,Deploy CSPM solution and perform monthly configuration reviews,6,
Email Gateway,Phishing Attack,Lack of User Awareness,5,4,20,Critical,IT Security Manager,Mitigate,Conduct phishing simulations and deploy advanced email filtering,8,
Financial Reporting Server,Ransomware Infection,Outdated Systems,4,5,20,Critical,Infrastructure Manager,Mitigate,Deploy EDR solution and maintain immutable backups,8,
HR Management System,Unauthorized Access,Weak Authentication,3,4,12,High,HR Manager,Mitigate,Implement RBAC and enforce MFA,5,
AI Analytics Platform,Model Poisoning,Unvalidated Training Data,3,5,15,High,AI Governance Lead,Mitigate,Implement data validation and model monitoring controls,6,
SIEM Platform,Log Tampering,Insufficient Log Integrity Controls,3,5,15,High,SOC Manager,Mitigate,Enable cryptographic log integrity verification,5,
Vendor Portal,Third-Party Compromise,Lack of Vendor Due Diligence,4,4,16,High,Vendor Risk Manager,Transfer,Establish vendor risk assessment program and cyber insurance,6,
Backup Repository,Backup Failure,Untested Recovery Procedures,2,5,10,Medium,Infrastructure Manager,Mitigate,Perform quarterly restoration testing and backup validation,4,
VPN Gateway,Credential Theft,Password Reuse,4,5,20,Critical,Network Security Lead,Mitigate,Implement MFA and conditional access policies,8,
Endpoint Fleet,Malware Infection,Delayed Patch Management,4,4,16,High,Endpoint Security Lead,Mitigate,Deploy centralized patch management and EDR,6,
Web Application,SQL Injection,Insecure Coding Practices,3,5,15,High,Application Security Lead,Mitigate,Implement secure SDLC and deploy WAF,5,
Database Server,Privilege Escalation,Excessive Permissions,3,5,15,High,Database Administrator,Mitigate,Apply least privilege principle and database monitoring,5,
Document Management System,Information Leakage,Improper Data Classification,3,4,12,High,Compliance Manager,Mitigate,Implement DLP solution and data classification framework,4,
Executive Email Accounts,Business Email Compromise,Lack of Executive Protection,5,5,25,Critical,CISO,Mitigate,Deploy executive protection controls and enhanced monitoring,10,
Security Operations Center,Insider Threat,Insufficient Monitoring,3,5,15,High,SOC Manager,Mitigate,Implement UEBA and privileged activity monitoring,5,
Customer Support Portal,Account Takeover,Weak Session Controls,4,4,16,High,Application Owner,Mitigate,Implement adaptive authentication and session monitoring,6,
Cloud Storage,Data Exfiltration,Excessive Sharing Permissions,4,5,20,Critical,Cloud Security Manager,Mitigate,Deploy CASB and data access monitoring,8,
Source Code Repository,Unauthorized Code Access,Weak Repository Controls,3,5,15,High,DevSecOps Lead,Mitigate,Implement branch protection and access reviews,5,
,,,,,,,,,,,
,,,,,,,,,,,
